{
  "project_info": {
    "project_number": "170127699778",
    "firebase_url": "https://orangeai-bf051.firebaseio.com",
    "project_id": "orangeai-bf051",
    "storage_bucket": "orangeai-bf051.appspot.com"
  },
  "client": [
    {
      "client_info": {
        "mobilesdk_app_id": "1:170127699778:android:4ba66bd3a01da9f383e2db",
        "android_client_info": {
          "package_name": "com.example.orangeai"
        }
      },
      "oauth_client": [
        {
          "client_id": "170127699778-b861luuke0o00l2nmnnibrl4l5t88uef.apps.googleusercontent.com",
          "client_type": 3
        }
      ],
      "api_key": [
        {
          "current_key": "AIzaSyBncGBUE2bRjiBZr0ykhnSC3IJbHjmclFQ"
        }
      ],
      "services": {
        "appinvite_service": {
          "other_platform_oauth_client": [
            {
              "client_id": "170127699778-b861luuke0o00l2nmnnibrl4l5t88uef.apps.googleusercontent.com",
              "client_type": 3
            }
          ]
        }
      }
    }
  ],
  "configuration_version": "1"
}